{"cameraMode":{"drawMode":0,"name":"Shaded","section":"Shading Mode"},"sceneLighting":true,"audioPlay":false,"sceneViewState":{"showFog":true,"showMaterialUpdate":false,"showSkybox":true,"showFlares":true,"showImageEffects":true,"showParticleSystems":true},"in2DMode":false,"pivot":{"x":-0.20289039611816407,"y":-0.3376501500606537,"z":15.700443267822266},"rotation":{"x":-0.008347279392182827,"y":0.06094350665807724,"z":-0.001060867914929986,"w":-0.9982900619506836},"size":16.715627670288087,"orthographic":false}